run,cycle,W_mech,dE_stored,E_diss,E_gap,resid_gap,resid_Ediss,eta,diss_SG1,diss_SG3a1,diss_SG3b1,diss_BS3,diss_SG2,diss_SG4a1,diss_SG4b1,diss_BS4,diss_Lx3esr,diss_Lx4esr
G0a_rel5,8,2.428180e-03,9.786974e-04,1.450689e-03,1.450689e-03,8.315e-04,8.315e-04,0.40306,5.386966e-05,5.633210e-04,2.945938e-07,2.984872e-12,6.342082e-05,7.693670e-04,4.161751e-07,4.173559e-12,0.000000e+00,0.000000e+00
G0a_rel5,9,4.843148e-03,1.952088e-03,2.893225e-03,2.893225e-03,7.484e-04,7.484e-04,0.40306,1.074590e-04,1.123307e-03,5.876899e-07,5.953039e-12,1.264764e-04,1.534564e-03,8.301778e-07,8.324088e-12,0.000000e+00,0.000000e+00
G0a_rel5,10,9.659939e-03,3.893576e-03,5.770138e-03,5.770138e-03,6.543e-04,6.543e-04,0.40306,2.142825e-04,2.240759e-03,1.171884e-06,1.187316e-11,2.521893e-04,3.060080e-03,1.654850e-06,1.660251e-11,0.000000e+00,0.000000e+00
G0a_rel5,11,1.926732e-02,7.765995e-03,1.150742e-02,1.150742e-02,5.299e-04,5.299e-04,0.40307,4.274147e-04,4.468654e-03,2.337799e-06,2.368112e-11,5.032269e-04,6.102486e-03,3.301266e-06,3.311424e-11,0.000000e+00,0.000000e+00
G1a,8,2.338529e-03,9.355506e-04,1.406929e-03,1.406929e-03,2.808e-03,2.808e-03,0.40006,5.304189e-05,4.940343e-04,5.250555e-05,1.541736e-07,6.194009e-05,6.710633e-04,7.401103e-05,1.785145e-07,0.000000e+00,0.000000e+00
G1a,9,4.647909e-03,1.859467e-03,2.798134e-03,2.798134e-03,3.464e-03,3.464e-03,0.40007,1.054384e-04,9.818694e-04,1.043473e-04,3.064171e-07,1.231163e-04,1.335619e-03,1.470822e-04,3.547989e-07,0.000000e+00,0.000000e+00
G1a,10,9.237908e-03,3.695798e-03,5.554810e-03,5.554810e-03,2.286e-03,2.286e-03,0.40007,2.097614e-04,1.948833e-03,2.073859e-04,6.090055e-07,2.444531e-04,2.650881e-03,2.921811e-04,7.051716e-07,0.000000e+00,0.000000e+00
G1a,11,1.836075e-02,7.345598e-03,1.104044e-02,1.104044e-02,2.290e-03,2.290e-03,0.40007,4.169294e-04,3.873349e-03,4.121820e-04,1.210413e-06,4.858721e-04,5.268732e-03,5.807653e-04,1.401554e-06,0.000000e+00,0.000000e+00
G1b,8,2.346133e-03,9.386174e-04,1.411485e-03,1.411485e-03,2.812e-03,2.812e-03,0.40007,5.322357e-05,4.957761e-04,5.251201e-05,1.569982e-07,6.214797e-05,6.734798e-04,7.400814e-05,1.807569e-07,0.000000e+00,0.000000e+00
G1b,9,4.663400e-03,1.865715e-03,2.807429e-03,2.807429e-03,3.471e-03,3.471e-03,0.40008,1.058056e-04,9.853598e-04,1.044183e-04,3.114982e-07,1.235387e-04,1.340466e-03,1.471702e-04,3.588395e-07,0.000000e+00,0.000000e+00
G1b,10,9.269403e-03,3.708500e-03,5.573840e-03,5.573840e-03,2.321e-03,2.321e-03,0.40008,2.104862e-04,1.955840e-03,2.076131e-04,6.183888e-07,2.453341e-04,2.660609e-03,2.926267e-04,7.126369e-07,0.000000e+00,0.000000e+00
G1b,11,1.842470e-02,7.371389e-03,1.107934e-02,1.107934e-02,2.349e-03,2.349e-03,0.40008,4.184000e-04,3.887462e-03,4.127599e-04,1.228138e-06,4.876540e-04,5.288327e-03,5.820919e-04,1.415656e-06,0.000000e+00,0.000000e+00
R1a,8,6.115337e-01,3.478681e-01,2.648169e-01,1.403922e-01,8.200e-03,4.347e-03,0.56885,1.573912e-02,3.262140e-02,3.125539e-03,1.548121e-04,2.601922e-02,5.648143e-02,6.021941e-03,2.287233e-04,5.058029e-02,7.384443e-02
R1a,9,2.325695e+00,1.323011e+00,1.007141e+00,5.339793e-01,8.345e-03,4.425e-03,0.56887,5.985826e-02,1.240775e-01,1.188710e-02,5.886901e-04,9.896719e-02,2.148272e-01,2.290353e-02,8.698102e-04,1.923340e-01,2.808274e-01
R1a,10,8.844869e+00,5.031309e+00,3.830239e+00,2.030511e+00,8.214e-03,4.354e-03,0.56884,2.276072e-01,4.718212e-01,4.520363e-02,2.239301e-03,3.763250e-01,8.169068e-01,8.709992e-02,3.308318e-03,7.316325e-01,1.068095e+00
R1a,11,3.363666e+01,1.913334e+01,1.456580e+01,7.721649e+00,8.091e-03,4.289e-03,0.56882,8.657276e-01,1.794272e+00,1.719432e-01,8.516041e-03,1.430762e+00,3.106610e+00,3.312374e-01,1.258134e-02,2.782287e+00,4.061861e+00
R1b,8,3.611380e+00,2.530403e+00,1.087795e+00,7.628690e-01,8.938e-03,6.268e-03,0.70067,8.643150e-02,1.578262e-01,1.262963e-02,1.063411e-02,1.560683e-01,3.139642e-01,1.481395e-02,1.050111e-02,1.559877e-01,1.689380e-01
R1b,9,1.684523e+01,1.180345e+01,5.073766e+00,3.558055e+00,8.989e-03,6.304e-03,0.70070,4.030970e-01,7.361573e-01,5.891164e-02,4.960164e-02,7.276609e-01,1.464553e+00,6.908386e-02,4.898953e-02,7.276202e-01,7.880907e-01
R1b,10,7.858210e+01,5.506210e+01,2.367297e+01,1.660144e+01,9.214e-03,6.462e-03,0.70070,1.880791e+00,3.434064e+00,2.748843e-01,2.314288e-01,3.397172e+00,6.832241e+00,3.223300e-01,2.285276e-01,3.394755e+00,3.676773e+00
R1b,11,3.665448e+02,2.568233e+02,1.104039e+02,7.742446e+01,8.814e-03,6.181e-03,0.70066,8.769436e+00,1.601963e+01,1.281994e+00,1.079295e+00,1.583445e+01,3.187005e+01,1.503691e+00,1.065921e+00,1.583237e+01,1.714707e+01
R2a_rel5,8,8.603843e-01,3.819502e-01,4.788742e-01,2.175994e-01,2.023e-03,9.192e-04,0.44393,7.375793e-03,6.663294e-02,6.651337e-03,3.255888e-04,5.340937e-03,1.179457e-01,1.284450e-02,4.825601e-04,1.055912e-01,1.556836e-01
R2b,8,9.110960e+00,6.022883e+00,3.109266e+00,1.999308e+00,1.060e-02,6.815e-03,0.66106,6.573731e-02,5.892720e-01,4.309946e-02,3.595949e-02,4.467665e-02,1.131281e+00,5.259287e-02,3.668916e-02,5.323693e-01,5.775881e-01
R2b,9,4.541957e+01,3.002552e+01,1.550054e+01,9.966323e+00,1.068e-02,6.870e-03,0.66107,3.277115e-01,2.938122e+00,2.148004e-01,1.792931e-01,2.227236e-01,5.638861e+00,2.618899e-01,1.829214e-01,2.654260e+00,2.879957e+00
R2b,10,2.264440e+02,1.496965e+02,7.728260e+01,4.969069e+01,1.077e-02,6.925e-03,0.66108,1.633706e+00,1.464635e+01,1.070526e+00,8.938701e-01,1.110370e+00,2.811842e+01,1.305517e+00,9.119241e-01,1.323431e+01,1.435761e+01
R2b,11,1.128822e+03,7.462419e+02,3.852472e+02,2.477127e+02,1.077e-02,6.924e-03,0.66108,8.144724e+00,7.303699e+01,5.335162e+00,4.456260e+00,5.535587e+00,1.401428e+02,6.515131e+00,4.546137e+00,6.596379e+01,7.157066e+01
