name,lx,cx,bracket,stray_ref_pF,motor,cpar_pF,rlx,reltol,maxstep,completed_cycles,z,z_energy,eta,eta_spread,resid_max,trip_min,T_load_frac,T_fire_frac,T_rail_frac,T_esr_frac
G0a,0,big,a,5,False,20,20,0.0001,1e-06,12,1.41233,1.41234,0.403062,7.74933e-06,0.0278073,0.0221927,0.542126,0.000289971,0.0481553,0
G1a,0,profile,a,5,False,20,20,0.0001,1e-06,12,1.40982,1.40984,0.400066,1.11651e-05,0.00346386,0.0522863,0.498165,0.0542307,0.0491702,0
G1a_ms05,0,profile,a,5,False,20,20,0.0001,5e-07,12,1.40982,1.40984,0.400005,1.11631e-05,5.6009e-05,0.049944,0.49652,0.0542722,0.0491766,0
R1a,0.001,profile,a,5,False,20,20,0.0001,1e-06,12,1.95013,1.95014,0.568844,4.27768e-05,0.0083455,0.0580911,0.145707,0.0155859,0.0682825,0.203466
R1a_rel5,0.001,profile,a,5,False,20,20,1e-05,1e-06,12,1.94666,1.94666,0.567628,3.70562e-07,0.00162118,0.0515392,0.147702,0.0154315,0.0678615,0.201739
L10ua,1e-05,profile,a,5,False,20,20,0.0001,1e-06,12,1.84077,1.84077,0.533689,2.06908e-06,0.00592544,0.0559058,0.189493,0.0278349,0.065157,0.185496
L100ua,0.0001,profile,a,5,False,20,20,0.0001,1e-06,12,1.93018,1.93018,0.56344,4.26715e-06,0.00559273,0.0554952,0.151287,0.015723,0.0669878,0.203861
G1a_s0,0,profile,a,0,False,20,20,0.0001,1e-06,12,1.44158,1.44159,0.360898,6.82243e-06,0.00315501,0.0522464,0.541515,0.0503166,0.0489186,0
R1a_s0,0.001,profile,a,0,False,20,20,0.0001,1e-06,12,2.21606,2.21606,0.619684,5.89239e-06,0.00668816,0.0562555,0.0945857,0.0163668,0.0838409,0.186776
G1a_s20,0,profile,a,20,False,20,20,0.0001,1e-06,12,1.32343,1.32344,0.500782,3.12139e-05,0.00367587,0.0534048,0.392237,0.0602734,0.0484848,0
R1a_s20,0.001,profile,a,20,False,20,20,0.0001,1e-06,12,1.54138,1.54138,0.558382,3.51081e-05,0.00549533,0.0552516,0.208563,0.0143476,0.0439988,0.176136
R2a,0.001,profile,a,5,True,20,20,0.0001,1e-06,12,1.95361,1.95347,0.443585,9.07099e-05,0.010579,0.0604241,0.215374,0.0237073,0.0147808,0.305221
G1ma,0,profile,a,5,True,20,20,0.0001,1e-06,12,1.04071,1.0405,0.0229895,0.00169472,0.00158516,0.0484148,0.855181,0.10229,0.0184487,0
R1a_esr2,0.001,profile,a,5,False,20,2,0.0001,1e-06,12,2.03958,2.03908,0.575191,0.00742814,0.00965068,0.0403493,0.110706,0.0758878,0.0585341,0.177477
R1a_esr0,0.001,profile,a,5,False,20,0,0.0001,1e-06,12,2.20624,2.21595,0.64756,0.0767692,0.0532305,0.00117205,0.133849,0.168753,0.0356018,0
G0b,0,big,b,5,False,20,20,0.0001,1e-06,12,1.41234,1.41235,0.403064,6.39253e-06,0.0269117,0.0230883,0.540374,0.000282137,0.0481558,0
G1b,0,profile,b,5,False,20,20,0.0001,1e-06,12,1.4099,1.40991,0.400077,1.19751e-05,0.00347067,0.052321,0.498291,0.0541035,0.0491764,0
G1b_ms05,0,profile,b,5,False,20,20,0.0001,5e-07,12,1.4099,1.40991,0.400016,1.19725e-05,5.46503e-05,0.0499453,0.496646,0.0541251,0.0491812,0
R1b,0.001,profile,b,5,False,20,20,0.0001,1e-06,12,2.15974,2.15981,0.700682,3.96168e-05,0.00921404,0.058814,0.130645,0.013452,0.067141,0.0899786
R1b_rel5,0.001,profile,b,5,False,20,20,1e-05,1e-06,10,2.15557,2.15561,0.698837,1.60942e-05,0.00210361,0.0521017,0.132238,0.0136135,0.0667804,0.088978
L10ub,1e-05,profile,b,5,False,20,20,0.0001,1e-06,12,1.98246,1.98246,0.614793,8.76171e-06,0.00794004,0.0579357,0.180938,0.019014,0.0670009,0.120373
L100ub,0.0001,profile,b,5,False,20,20,0.0001,1e-06,12,2.12592,2.12596,0.68358,4.00825e-05,0.0111513,0.0602001,0.13722,0.0132932,0.0671289,0.101107
G1b_s0,0,profile,b,0,False,20,20,0.0001,1e-06,12,1.4416,1.44161,0.360904,4.04606e-06,0.00316053,0.0522483,0.541578,0.0502518,0.0489195,0
R1b_s0,0.001,profile,b,0,False,20,20,0.0001,1e-06,12,2.42066,2.42068,0.782813,5.12933e-05,0.00710874,0.056832,0.0772074,0.0159071,0.0739222,0.0513205
G1b_s20,0,profile,b,20,False,20,20,0.0001,1e-06,12,1.32375,1.32375,0.500775,5.02969e-05,0.00368941,0.0533962,0.392587,0.059932,0.0484863,0
R1b_s20,0.001,profile,b,20,False,20,20,0.0001,1e-06,12,1.73675,1.73678,0.635564,4.24449e-05,0.00658582,0.0564817,0.205872,0.0106582,0.0505131,0.0991411
R2b,0.001,profile,b,5,True,20,20,0.0001,1e-06,12,2.23278,2.23282,0.661071,2.13104e-05,0.0107698,0.0605979,0.188847,0.0184718,0.0121187,0.12184
G1mb,0,profile,b,5,True,20,20,0.0001,1e-06,12,1.04493,1.04288,0.024289,0.00165325,0.00179017,0.0482098,0.854229,0.101791,0.0184529,0
R1b_esr2,0.001,profile,b,5,False,20,2,0.0001,1e-06,12,2.21227,2.21214,0.742917,0.000265954,0.00550872,0.0444913,0.122707,0.0182228,0.0647916,0.0502971
R1b_esr0,0.001,profile,b,5,False,20,0,0.0001,1e-06,12,2.28055,2.28915,0.806102,0.00396021,0.0132104,0.0367896,0.105293,0.0250393,0.0611385,0
G0a_cpar10,0,big,a,5,False,10,20,0.0001,1e-06,12,1.50698,1.50699,0.324091,2.51432e-06,0.0346413,0.0153587,0.614982,0.000257697,0.0460671,0
G0a_rel5,0,big,a,5,False,20,20,1e-05,1e-06,12,1.41233,1.41234,0.403062,7.74626e-06,0.000831478,0.0505299,0.548758,0.000292696,0.0482993,0
G0b_rel5,0,big,b,5,False,20,20,1e-05,1e-06,10,1.41238,1.41239,0.403062,3.34458e-06,0.000899915,0.0507989,0.548865,0.000282651,0.0482984,0
G0a_cpar10_rel5,0,big,a,5,False,10,20,1e-05,1e-06,11,1.50698,1.50699,0.324091,2.15496e-06,0.000701481,0.0504622,0.629939,0.000259603,0.0461063,0
G1a_rel5,0,profile,a,5,False,20,20,1e-05,1e-06,12,1.40982,1.40984,0.400064,1.11718e-05,0.00091609,0.0508872,0.49724,0.0540812,0.0491588,0
G1b_rel5,0,profile,b,5,False,20,20,1e-05,1e-06,12,1.4099,1.40991,0.400074,1.20289e-05,0.000917089,0.0508919,0.497366,0.0539401,0.0491656,0
R2a_rel5,0.001,profile,a,5,True,20,20,1e-05,1e-06,9,1.95444,1.95409,0.44393,0,0.00202296,0.052023,0.214531,0.0235987,0.0147803,0.303672
R2b_rel5,0.001,profile,b,5,True,20,20,1e-05,1e-06,8,2.23298,2.23304,0.660565,0.000536371,0.00190444,0.0518379,0.188111,0.0187403,0.0121287,0.120864
G1ma_rel5,0,profile,a,5,True,20,20,1e-05,1e-06,12,1.19647,1.19667,0.116296,0.000973053,0.00336221,0.0466378,0.762149,0.0998779,0.0187664,0
G1mb_rel5,0,profile,b,5,True,20,20,1e-05,1e-06,12,1.20164,1.20183,0.119988,0.00199604,0.00310233,0.0468977,0.758926,0.0996211,0.0187704,0
#verdict,SINK-PARTIAL
