key,twin,model,h,t_rec,stray,motor,reltol,cycles,iters,converged,z,eta,resid,resid_gap,trip_shift,T_load,T_esr,T_motor,n_events,n_reignite,h2_max_iext,error
R1|OW|h=None|trec=None|s=5.0|m=0|rt=None|br=a,R1,OW,,,5,False,0.0001,12,1,True,1.95015,0.568862,0.00445819,0.00840851,-0.05,0.145709,0.203461,0,0,0,0,
R1|RD|h=0.0|trec=None|s=5.0|m=0|rt=None|br=a,R1,RD,0,,5,False,0.0001,12,1,True,1.41411,0.397846,0.00633278,0.0154435,-0.05,0.192103,0.357451,0,26,0,0.000379375,
R1|OW|h=None|trec=None|s=5.0|m=0|rt=1e-05|br=a,R1,OW,,,5,False,1e-05,12,1,True,1.94666,0.567628,0.000818147,0.00153271,-0.05,0.147695,0.201741,0,0,0,0,
R1|RD|h=0.0|trec=None|s=5.0|m=0|rt=1e-05|br=a,R1,RD,0,,5,False,1e-05,12,1,True,1.41392,0.397788,0.00141795,0.00343614,-0.05,0.192955,0.354201,0,26,0,0.000162498,
G1|OW|h=None|trec=None|s=5.0|m=0|rt=None|br=a,G1,OW,,,5,False,0.0001,12,1,True,1.40982,0.400066,0.00301005,0.00301005,-0.05,0.498306,0,0,0,0,0,
G1|OW|h=None|trec=None|s=5.0|m=0|rt=1e-05|br=a,G1,OW,,,5,False,1e-05,12,1,True,1.40982,0.400063,0.000713461,0.000713461,-0.05,0.497138,0,0,0,0,0,
G0|OW|h=None|trec=None|s=5.0|m=0|rt=None|br=a,G0,OW,,,5,False,0.0001,12,1,True,1.41233,0.403062,0.00321047,0.00321047,-0.05,0.550169,0,0,0,0,0,
G0|RD|h=0.0|trec=None|s=5.0|m=0|rt=None|br=a,G0,RD,0,,5,False,0.0001,12,1,True,1.40703,0.401546,0.0028418,0.0028418,-0.05,0.551838,0,0,26,0,6.38813e-07,
G0|OW|h=None|trec=None|s=5.0|m=0|rt=1e-05|br=a,G0,OW,,,5,False,1e-05,12,1,True,1.41233,0.403062,0.000986262,0.000986262,-0.05,0.548823,0,0,0,0,0,
G0|RD|h=0.0|trec=None|s=5.0|m=0|rt=1e-05|br=a,,,,,,,,,,False,nan,nan,,,,,,,,0,nan,"Traceback (most recent call last):
  File ""/home/user/DCCREG_turbine/sim/island_gapbracket.py"", line 639, in run_job
    return _run_job(key)
           ^^^^^^^^^^^^^
  File ""/home/user/DCCREG_turbine/sim/island_gapbracket.py"", line 656, in _run_job
    s = summarize(r)
        ^^^^^^^^^^^^
  File ""/home/user/DCCREG_turbine/sim/island_gapbracket.py"", line 376, in summarize
    raise RuntimeError(f""{c.name}: ngspice stopped after {t[-1] / T:.2f} cycles (clean={res.get('ok')})"")
RuntimeError: ia2_G0_RD_h_0_0_trec_None_s_5_0_m_0_rt_1e_05_br_a_it1: ngspice stopped after 7.62 cycles (clean=False)
"
R1|SR|h=0.09|trec=0.0|s=5.0|m=0|rt=None|br=a,R1,SR,0.09,0,5,False,0.0001,12,2,True,1.41377,0.397875,0.00624215,0.015439,-0.05,0.191545,0.360879,0,26,0,0,
R1|SR|h=0.1|trec=0.0|s=5.0|m=0|rt=None|br=a,R1,SR,0.1,0,5,False,0.0001,12,2,True,1.41372,0.39782,0.00634578,0.0156145,-0.05,0.192677,0.359634,0,26,0,0,
R1|SR|h=0.11|trec=0.0|s=5.0|m=0|rt=None|br=a,R1,SR,0.11,0,5,False,0.0001,12,2,True,1.41375,0.397912,0.00660618,0.0163793,-0.05,0.191355,0.361499,0,26,0,0,
R1|SR|h=0.27|trec=0.0|s=5.0|m=0|rt=None|br=a,R1,SR,0.27,0,5,False,0.0001,12,2,True,1.45439,0.409395,0.0063695,0.015801,-0.05,0.184329,0.35476,0,26,0,0,
R1|SR|h=0.3|trec=0.0|s=5.0|m=0|rt=None|br=a,R1,SR,0.3,0,5,False,0.0001,12,2,True,1.46704,0.412994,0.00621032,0.0153926,-0.05,0.182461,0.35234,0,26,0,0,
R1|SR|h=0.33|trec=0.0|s=5.0|m=0|rt=None|br=a,R1,SR,0.33,0,5,False,0.0001,12,2,True,1.47448,0.415108,0.00595727,0.0146591,-0.05,0.182744,0.349255,0,26,0,0,
R1|SR|h=0.45|trec=0.0|s=5.0|m=0|rt=None|br=a,R1,SR,0.45,0,5,False,0.0001,12,2,True,1.52451,0.429614,0.00597092,0.0146877,-0.05,0.174374,0.34049,0,26,0,0,
R1|SR|h=0.5|trec=0.0|s=5.0|m=0|rt=None|br=a,R1,SR,0.5,0,5,False,0.0001,12,2,True,1.54995,0.43718,0.00580423,0.0141823,-0.05,0.171377,0.334384,0,26,0,0,
R1|SR|h=0.55|trec=0.0|s=5.0|m=0|rt=None|br=a,R1,SR,0.55,0,5,False,0.0001,12,2,True,1.55602,0.438906,0.00542676,0.0122696,-0.05,0.188826,0.314637,0,26,0,0,
R1|SR|h=0.63|trec=0.0|s=5.0|m=0|rt=None|br=a,R1,SR,0.63,0,5,False,0.0001,12,2,True,1.57338,0.444142,0.00494589,0.0102949,-0.05,0.206919,0.290221,0,26,0,0,
R1|SR|h=0.7|trec=0.0|s=5.0|m=0|rt=None|br=a,R1,SR,0.7,0,5,False,0.0001,12,2,True,1.5847,0.447521,0.00506655,0.0098027,-0.05,0.224855,0.268289,0,26,0,0,
R1|SR|h=0.77|trec=0.0|s=5.0|m=0|rt=None|br=a,R1,SR,0.77,0,5,False,0.0001,12,2,True,1.49558,0.421265,0.00491016,0.00893484,-0.05,0.262421,0.261968,0,52,26,0,
R1|SR|h=0.09|trec=1e-07|s=5.0|m=0|rt=None|br=a,R1,SR,0.09,1e-07,5,False,0.0001,12,2,True,1.41377,0.397875,0.00624215,0.015439,-0.05,0.191545,0.360879,0,26,0,0,
R1|SR|h=0.1|trec=1e-07|s=5.0|m=0|rt=None|br=a,R1,SR,0.1,1e-07,5,False,0.0001,12,2,True,1.41372,0.39782,0.00634578,0.0156145,-0.05,0.192677,0.359634,0,26,0,0,
R1|SR|h=0.11|trec=1e-07|s=5.0|m=0|rt=None|br=a,R1,SR,0.11,1e-07,5,False,0.0001,12,2,True,1.41375,0.397912,0.00660618,0.0163793,-0.05,0.191355,0.361499,0,26,0,0,
R1|SR|h=0.27|trec=1e-07|s=5.0|m=0|rt=None|br=a,R1,SR,0.27,1e-07,5,False,0.0001,12,2,True,1.45439,0.409395,0.0063695,0.015801,-0.05,0.184329,0.35476,0,26,0,0,
R1|SR|h=0.3|trec=1e-07|s=5.0|m=0|rt=None|br=a,R1,SR,0.3,1e-07,5,False,0.0001,12,2,True,1.46704,0.412994,0.00621032,0.0153926,-0.05,0.182461,0.35234,0,26,0,0,
R1|SR|h=0.33|trec=1e-07|s=5.0|m=0|rt=None|br=a,R1,SR,0.33,1e-07,5,False,0.0001,12,2,True,1.47448,0.415108,0.00595727,0.0146591,-0.05,0.182744,0.349255,0,26,0,0,
R1|SR|h=0.45|trec=1e-07|s=5.0|m=0|rt=None|br=a,R1,SR,0.45,1e-07,5,False,0.0001,12,2,True,1.52451,0.429614,0.00597092,0.0146877,-0.05,0.174374,0.34049,0,26,0,0,
R1|SR|h=0.5|trec=1e-07|s=5.0|m=0|rt=None|br=a,R1,SR,0.5,1e-07,5,False,0.0001,12,2,True,1.54995,0.43718,0.00580423,0.0141823,-0.05,0.171377,0.334384,0,26,0,0,
R1|SR|h=0.55|trec=1e-07|s=5.0|m=0|rt=None|br=a,R1,SR,0.55,1e-07,5,False,0.0001,12,2,True,1.55602,0.438906,0.00542676,0.0122696,-0.05,0.188826,0.314637,0,26,0,0,
R1|SR|h=0.63|trec=1e-07|s=5.0|m=0|rt=None|br=a,R1,SR,0.63,1e-07,5,False,0.0001,12,2,True,1.57338,0.444142,0.00494589,0.0102949,-0.05,0.206919,0.290221,0,26,0,0,
R1|SR|h=0.7|trec=1e-07|s=5.0|m=0|rt=None|br=a,R1,SR,0.7,1e-07,5,False,0.0001,12,2,True,1.54273,0.434904,0.00506801,0.0102064,-0.05,0.222378,0.285846,0,52,26,0,
R1|SR|h=0.77|trec=1e-07|s=5.0|m=0|rt=None|br=a,R1,SR,0.77,1e-07,5,False,0.0001,12,2,True,1.50458,0.423844,0.004695,0.0088631,-0.05,0.24891,0.272221,0,52,26,0,
R1|SR|h=0.09|trec=1e-06|s=5.0|m=0|rt=None|br=a,R1,SR,0.09,1e-06,5,False,0.0001,12,2,True,1.41377,0.397875,0.00624215,0.015439,-0.05,0.191545,0.360879,0,26,0,0,
R1|SR|h=0.1|trec=1e-06|s=5.0|m=0|rt=None|br=a,R1,SR,0.1,1e-06,5,False,0.0001,12,2,True,1.41372,0.39782,0.00634578,0.0156145,-0.05,0.192677,0.359634,0,26,0,0,
R1|SR|h=0.11|trec=1e-06|s=5.0|m=0|rt=None|br=a,R1,SR,0.11,1e-06,5,False,0.0001,12,2,True,1.41375,0.397912,0.00660618,0.0163793,-0.05,0.191355,0.361499,0,26,0,0,
R1|SR|h=0.27|trec=1e-06|s=5.0|m=0|rt=None|br=a,R1,SR,0.27,1e-06,5,False,0.0001,12,2,True,1.38425,0.389701,0.00601965,0.0138735,-0.05,0.211973,0.347603,0,130,104,0,
R1|SR|h=0.3|trec=1e-06|s=5.0|m=0|rt=None|br=a,R1,SR,0.3,1e-06,5,False,0.0001,12,2,True,1.38459,0.389791,0.00608158,0.0139073,-0.05,0.21412,0.345449,0,130,104,0,
R1|SR|h=0.33|trec=1e-06|s=5.0|m=0|rt=None|br=a,R1,SR,0.33,1e-06,5,False,0.0001,12,2,True,1.38488,0.389873,0.00575661,0.0131574,-0.05,0.214198,0.34514,0,130,104,0,
R1|SR|h=0.45|trec=1e-06|s=5.0|m=0|rt=None|br=a,R1,SR,0.45,1e-06,5,False,0.0001,12,2,True,1.38482,0.389855,0.00577555,0.0130482,-0.05,0.217352,0.342049,0,182,156,0,
R1|SR|h=0.5|trec=1e-06|s=5.0|m=0|rt=None|br=a,R1,SR,0.5,1e-06,5,False,0.0001,12,2,True,1.38473,0.389836,0.00583354,0.013393,-0.05,0.212952,0.346486,0,208,182,0,
R1|SR|h=0.55|trec=1e-06|s=5.0|m=0|rt=None|br=a,R1,SR,0.55,1e-06,5,False,0.0001,12,2,True,1.38498,0.389897,0.00614527,0.0142181,-0.05,0.211059,0.348522,0,234,208,0,
R1|SR|h=0.63|trec=1e-06|s=5.0|m=0|rt=None|br=a,R1,SR,0.63,1e-06,5,False,0.0001,12,2,True,1.38469,0.389817,0.00618866,0.0146352,-0.05,0.205336,0.354311,0,312,286,0,
R1|SR|h=0.7|trec=1e-06|s=5.0|m=0|rt=None|br=a,R1,SR,0.7,1e-06,5,False,0.0001,12,3,True,1.38481,0.389849,0.00620735,0.014862,-0.05,0.202149,0.357469,0,390,364,0,
R1|SR|h=0.77|trec=1e-06|s=5.0|m=0|rt=None|br=a,R1,SR,0.77,1e-06,5,False,0.0001,12,2,True,1.38475,0.389837,0.00624571,0.0150637,-0.05,0.200249,0.359353,0,520,494,0,
R1|SR|h=0.09|trec=1e-05|s=5.0|m=0|rt=None|br=a,R1,SR,0.09,1e-05,5,False,0.0001,12,2,True,1.38402,0.389622,0.00626312,0.0153053,-0.05,0.196838,0.362867,0,78,52,0,
R1|SR|h=0.1|trec=1e-05|s=5.0|m=0|rt=None|br=a,R1,SR,0.1,1e-05,5,False,0.0001,12,2,True,1.38376,0.389575,0.00639008,0.0155975,-0.05,0.197154,0.362575,0,78,52,0,
R1|SR|h=0.11|trec=1e-05|s=5.0|m=0|rt=None|br=a,R1,SR,0.11,1e-05,5,False,0.0001,12,2,True,1.38505,0.38991,0.0063127,0.0153829,-0.05,0.197735,0.361965,0,78,52,0,
R1|SR|h=0.27|trec=1e-05|s=5.0|m=0|rt=None|br=a,R1,SR,0.27,1e-05,5,False,0.0001,12,2,True,1.38413,0.389665,0.00628225,0.0152947,-0.05,0.197818,0.36186,0,130,104,0,
R1|SR|h=0.3|trec=1e-05|s=5.0|m=0|rt=None|br=a,R1,SR,0.3,1e-05,5,False,0.0001,12,2,True,1.38449,0.38977,0.00620008,0.0150915,-0.05,0.1979,0.361748,0,130,104,0,
R1|SR|h=0.33|trec=1e-05|s=5.0|m=0|rt=None|br=a,R1,SR,0.33,1e-05,5,False,0.0001,12,2,True,1.38453,0.3898,0.00605891,0.0146472,-0.05,0.199565,0.35997,0,130,104,0,
R1|SR|h=0.45|trec=1e-05|s=5.0|m=0|rt=None|br=a,R1,SR,0.45,1e-05,5,False,0.0001,12,2,True,1.38492,0.389883,0.00624538,0.0149749,-0.05,0.201752,0.357906,0,182,156,0,
R1|SR|h=0.5|trec=1e-05|s=5.0|m=0|rt=None|br=a,R1,SR,0.5,1e-05,5,False,0.0001,12,2,True,1.385,0.389903,0.00629569,0.0153371,-0.05,0.197776,0.361885,0,208,182,0,
R1|SR|h=0.55|trec=1e-05|s=5.0|m=0|rt=None|br=a,R1,SR,0.55,1e-05,5,False,0.0001,12,2,True,1.38505,0.389914,0.00630807,0.0153088,-0.05,0.198732,0.360947,0,234,208,0,
R1|SR|h=0.63|trec=1e-05|s=5.0|m=0|rt=None|br=a,R1,SR,0.63,1e-05,5,False,0.0001,12,2,True,1.38468,0.389818,0.0063062,0.0153607,-0.05,0.197764,0.36191,0,312,286,0,
R1|SR|h=0.7|trec=1e-05|s=5.0|m=0|rt=None|br=a,R1,SR,0.7,1e-05,5,False,0.0001,12,3,True,1.38482,0.38985,0.00616273,0.0150011,-0.05,0.197927,0.361648,0,390,364,0,
R1|SR|h=0.77|trec=1e-05|s=5.0|m=0|rt=None|br=a,R1,SR,0.77,1e-05,5,False,0.0001,12,2,True,1.38476,0.389838,0.00617624,0.0150083,-0.05,0.198334,0.361257,0,520,494,0,
R2|OW|h=None|trec=None|s=5.0|m=1|rt=None|br=a,R2,OW,,,5,True,0.0001,12,1,True,1.91296,0.420042,0.00479968,0.0108115,-0.05,0.21982,0.311764,0.0122737,0,0,0,
R2|OW|h=None|trec=None|s=5.0|m=1|rt=1e-05|br=a,R2,OW,,,5,True,1e-05,11,1,True,1.91372,0.42033,0.000849162,0.00191095,-0.05,0.218844,0.310066,0.0122931,0,0,0,
G1m|OW|h=None|trec=None|s=5.0|m=1|rt=None|br=a,G1m,OW,,,5,True,0.0001,12,1,True,1.03475,0.0195655,0.000323076,0.000324978,-0.05,0.853054,0,0.00571839,0,0,0,
G1m|OW|h=None|trec=None|s=5.0|m=1|rt=1e-05|br=a,G1m,OW,,,5,True,1e-05,12,1,True,1.16961,0.0985639,0.00307576,0.00311435,-0.05,0.767862,0,0.0111568,0,0,0,
G1|RD|h=0.0|trec=None|s=5.0|m=0|rt=None|br=a,G1,RD,0,,5,False,0.0001,12,1,True,1.40979,0.400038,0.00285066,0.00285066,-0.05,0.498365,0,0,26,0,1.0128e-06,
G1|RD|h=0.0|trec=None|s=5.0|m=0|rt=1e-05|br=a,G1,RD,0,,5,False,1e-05,12,1,True,1.40979,0.400035,0.000695321,0.000695321,-0.05,0.497197,0,0,26,0,1.00713e-06,
R1|RD|h=0.1|trec=None|s=5.0|m=0|rt=None|br=a,R1,RD,0.1,,5,False,0.0001,12,2,True,1.41384,0.39791,0.00630397,0.0155986,-0.05,0.191625,0.360992,0,26,0,0,
G1|RD|h=0.1|trec=None|s=5.0|m=0|rt=None|br=a,G1,RD,0.1,,5,False,0.0001,12,1,True,1.40979,0.400038,0.00285066,0.00285066,-0.05,0.498365,0,0,26,0,1.0128e-06,
R1|RD|h=0.3|trec=None|s=5.0|m=0|rt=None|br=a,R1,RD,0.3,,5,False,0.0001,12,2,True,1.49768,0.421787,0.00601599,0.014785,-0.05,0.179317,0.345009,0,26,0,0,
G1|RD|h=0.3|trec=None|s=5.0|m=0|rt=None|br=a,G1,RD,0.3,,5,False,0.0001,12,1,True,1.40979,0.400038,0.00285066,0.00285066,-0.05,0.498365,0,0,26,0,1.0128e-06,
R1|RD|h=0.5|trec=None|s=5.0|m=0|rt=None|br=a,R1,RD,0.5,,5,False,0.0001,12,2,True,1.60804,0.454637,0.00555911,0.0131684,-0.05,0.167904,0.316893,0,26,0,0,
G1|RD|h=0.5|trec=None|s=5.0|m=0|rt=None|br=a,G1,RD,0.5,,5,False,0.0001,12,1,True,1.40979,0.400038,0.00285066,0.00285066,-0.05,0.498365,0,0,26,0,1.0128e-06,
R1|RD|h=0.7|trec=None|s=5.0|m=0|rt=None|br=a,R1,RD,0.7,,5,False,0.0001,12,2,True,1.72773,0.492456,0.00537372,0.0119717,-0.05,0.158647,0.281219,0,26,0,0,
G1|RD|h=0.7|trec=None|s=5.0|m=0|rt=None|br=a,G1,RD,0.7,,5,False,0.0001,12,1,True,1.40979,0.400038,0.00285066,0.00285066,-0.05,0.498365,0,0,26,0,1.0128e-06,
G1|SR|h=0.09|trec=0.0|s=5.0|m=0|rt=None|br=a,G1,SR,0.09,0,5,False,0.0001,12,1,True,1.40979,0.400038,0.00285066,0.00285066,-0.05,0.498365,0,0,26,0,1.0128e-06,
G1|SR|h=0.1|trec=0.0|s=5.0|m=0|rt=None|br=a,G1,SR,0.1,0,5,False,0.0001,12,1,True,1.40979,0.400038,0.00285066,0.00285066,-0.05,0.498365,0,0,26,0,1.0128e-06,
G1|SR|h=0.11|trec=0.0|s=5.0|m=0|rt=None|br=a,G1,SR,0.11,0,5,False,0.0001,12,1,True,1.40979,0.400038,0.00285066,0.00285066,-0.05,0.498365,0,0,26,0,1.0128e-06,
G1|SR|h=0.27|trec=0.0|s=5.0|m=0|rt=None|br=a,G1,SR,0.27,0,5,False,0.0001,12,1,True,1.40979,0.400038,0.00285066,0.00285066,-0.05,0.498365,0,0,26,0,1.0128e-06,
G1|SR|h=0.3|trec=0.0|s=5.0|m=0|rt=None|br=a,G1,SR,0.3,0,5,False,0.0001,12,1,True,1.40979,0.400038,0.00285066,0.00285066,-0.05,0.498365,0,0,26,0,1.0128e-06,
G1|SR|h=0.33|trec=0.0|s=5.0|m=0|rt=None|br=a,G1,SR,0.33,0,5,False,0.0001,12,1,True,1.40979,0.400038,0.00285066,0.00285066,-0.05,0.498365,0,0,26,0,1.0128e-06,
G1|SR|h=0.45|trec=0.0|s=5.0|m=0|rt=None|br=a,G1,SR,0.45,0,5,False,0.0001,12,1,True,1.40979,0.400038,0.00285066,0.00285066,-0.05,0.498365,0,0,26,0,1.0128e-06,
G1|SR|h=0.5|trec=0.0|s=5.0|m=0|rt=None|br=a,G1,SR,0.5,0,5,False,0.0001,12,1,True,1.40979,0.400038,0.00285066,0.00285066,-0.05,0.498365,0,0,26,0,1.0128e-06,
G1|SR|h=0.55|trec=0.0|s=5.0|m=0|rt=None|br=a,G1,SR,0.55,0,5,False,0.0001,12,1,True,1.40979,0.400038,0.00285066,0.00285066,-0.05,0.498365,0,0,26,0,1.0128e-06,
G1|SR|h=0.63|trec=0.0|s=5.0|m=0|rt=None|br=a,G1,SR,0.63,0,5,False,0.0001,12,1,True,1.40979,0.400038,0.00285066,0.00285066,-0.05,0.498365,0,0,26,0,1.0128e-06,
G1|SR|h=0.7|trec=0.0|s=5.0|m=0|rt=None|br=a,G1,SR,0.7,0,5,False,0.0001,12,1,True,1.40979,0.400038,0.00285066,0.00285066,-0.05,0.498365,0,0,26,0,1.0128e-06,
G1|SR|h=0.77|trec=0.0|s=5.0|m=0|rt=None|br=a,G1,SR,0.77,0,5,False,0.0001,12,1,True,1.40979,0.400038,0.00285066,0.00285066,-0.05,0.498365,0,0,26,0,1.0128e-06,
G1|SR|h=0.09|trec=1e-07|s=5.0|m=0|rt=None|br=a,G1,SR,0.09,1e-07,5,False,0.0001,12,1,True,1.40979,0.400038,0.00285066,0.00285066,-0.05,0.498365,0,0,26,0,1.0128e-06,
G1|SR|h=0.1|trec=1e-07|s=5.0|m=0|rt=None|br=a,G1,SR,0.1,1e-07,5,False,0.0001,12,1,True,1.40979,0.400038,0.00285066,0.00285066,-0.05,0.498365,0,0,26,0,1.0128e-06,
G1|SR|h=0.11|trec=1e-07|s=5.0|m=0|rt=None|br=a,G1,SR,0.11,1e-07,5,False,0.0001,12,1,True,1.40979,0.400038,0.00285066,0.00285066,-0.05,0.498365,0,0,26,0,1.0128e-06,
G1|SR|h=0.27|trec=1e-07|s=5.0|m=0|rt=None|br=a,G1,SR,0.27,1e-07,5,False,0.0001,12,1,True,1.40979,0.400038,0.00285066,0.00285066,-0.05,0.498365,0,0,26,0,1.0128e-06,
G1|SR|h=0.3|trec=1e-07|s=5.0|m=0|rt=None|br=a,G1,SR,0.3,1e-07,5,False,0.0001,12,1,True,1.40979,0.400038,0.00285066,0.00285066,-0.05,0.498365,0,0,26,0,1.0128e-06,
G1|SR|h=0.33|trec=1e-07|s=5.0|m=0|rt=None|br=a,G1,SR,0.33,1e-07,5,False,0.0001,12,1,True,1.40979,0.400038,0.00285066,0.00285066,-0.05,0.498365,0,0,26,0,1.0128e-06,
G1|SR|h=0.45|trec=1e-07|s=5.0|m=0|rt=None|br=a,G1,SR,0.45,1e-07,5,False,0.0001,12,1,True,1.40979,0.400038,0.00285066,0.00285066,-0.05,0.498365,0,0,26,0,1.0128e-06,
G1|SR|h=0.5|trec=1e-07|s=5.0|m=0|rt=None|br=a,G1,SR,0.5,1e-07,5,False,0.0001,12,1,True,1.40979,0.400038,0.00285066,0.00285066,-0.05,0.498365,0,0,26,0,1.0128e-06,
G1|SR|h=0.55|trec=1e-07|s=5.0|m=0|rt=None|br=a,G1,SR,0.55,1e-07,5,False,0.0001,12,1,True,1.40979,0.400038,0.00285066,0.00285066,-0.05,0.498365,0,0,26,0,1.0128e-06,
G1|SR|h=0.63|trec=1e-07|s=5.0|m=0|rt=None|br=a,G1,SR,0.63,1e-07,5,False,0.0001,12,1,True,1.40979,0.400038,0.00285066,0.00285066,-0.05,0.498365,0,0,26,0,1.0128e-06,
G1|SR|h=0.7|trec=1e-07|s=5.0|m=0|rt=None|br=a,G1,SR,0.7,1e-07,5,False,0.0001,12,1,True,1.40979,0.400038,0.00285066,0.00285066,-0.05,0.498365,0,0,26,0,1.0128e-06,
G1|SR|h=0.77|trec=1e-07|s=5.0|m=0|rt=None|br=a,G1,SR,0.77,1e-07,5,False,0.0001,12,1,True,1.40979,0.400038,0.00285066,0.00285066,-0.05,0.498365,0,0,26,0,1.0128e-06,
G1|SR|h=0.09|trec=1e-06|s=5.0|m=0|rt=None|br=a,G1,SR,0.09,1e-06,5,False,0.0001,12,1,True,1.40979,0.400038,0.00285066,0.00285066,-0.05,0.498365,0,0,26,0,1.0128e-06,
G1|SR|h=0.1|trec=1e-06|s=5.0|m=0|rt=None|br=a,G1,SR,0.1,1e-06,5,False,0.0001,12,1,True,1.40979,0.400038,0.00285066,0.00285066,-0.05,0.498365,0,0,26,0,1.0128e-06,
G1|SR|h=0.11|trec=1e-06|s=5.0|m=0|rt=None|br=a,G1,SR,0.11,1e-06,5,False,0.0001,12,1,True,1.40979,0.400038,0.00285066,0.00285066,-0.05,0.498365,0,0,26,0,1.0128e-06,
G1|SR|h=0.27|trec=1e-06|s=5.0|m=0|rt=None|br=a,G1,SR,0.27,1e-06,5,False,0.0001,12,1,True,1.40979,0.400038,0.00285066,0.00285066,-0.05,0.498365,0,0,26,0,1.0128e-06,
G1|SR|h=0.3|trec=1e-06|s=5.0|m=0|rt=None|br=a,G1,SR,0.3,1e-06,5,False,0.0001,12,1,True,1.40979,0.400038,0.00285066,0.00285066,-0.05,0.498365,0,0,26,0,1.0128e-06,
G1|SR|h=0.33|trec=1e-06|s=5.0|m=0|rt=None|br=a,G1,SR,0.33,1e-06,5,False,0.0001,12,1,True,1.40979,0.400038,0.00285066,0.00285066,-0.05,0.498365,0,0,26,0,1.0128e-06,
G1|SR|h=0.45|trec=1e-06|s=5.0|m=0|rt=None|br=a,G1,SR,0.45,1e-06,5,False,0.0001,12,1,True,1.40979,0.400038,0.00285066,0.00285066,-0.05,0.498365,0,0,26,0,1.0128e-06,
G1|SR|h=0.5|trec=1e-06|s=5.0|m=0|rt=None|br=a,G1,SR,0.5,1e-06,5,False,0.0001,12,1,True,1.40979,0.400038,0.00285066,0.00285066,-0.05,0.498365,0,0,26,0,1.0128e-06,
G1|SR|h=0.55|trec=1e-06|s=5.0|m=0|rt=None|br=a,G1,SR,0.55,1e-06,5,False,0.0001,12,1,True,1.40979,0.400038,0.00285066,0.00285066,-0.05,0.498365,0,0,26,0,1.0128e-06,
G1|SR|h=0.63|trec=1e-06|s=5.0|m=0|rt=None|br=a,G1,SR,0.63,1e-06,5,False,0.0001,12,1,True,1.40979,0.400038,0.00285066,0.00285066,-0.05,0.498365,0,0,26,0,1.0128e-06,
G1|SR|h=0.7|trec=1e-06|s=5.0|m=0|rt=None|br=a,G1,SR,0.7,1e-06,5,False,0.0001,12,1,True,1.40979,0.400038,0.00285066,0.00285066,-0.05,0.498365,0,0,26,0,1.0128e-06,
G1|SR|h=0.77|trec=1e-06|s=5.0|m=0|rt=None|br=a,G1,SR,0.77,1e-06,5,False,0.0001,12,1,True,1.40979,0.400038,0.00285066,0.00285066,-0.05,0.498365,0,0,26,0,1.0128e-06,
G1|SR|h=0.09|trec=1e-05|s=5.0|m=0|rt=None|br=a,G1,SR,0.09,1e-05,5,False,0.0001,12,1,True,1.40979,0.400038,0.00285066,0.00285066,-0.05,0.498365,0,0,26,0,1.0128e-06,
G1|SR|h=0.1|trec=1e-05|s=5.0|m=0|rt=None|br=a,G1,SR,0.1,1e-05,5,False,0.0001,12,1,True,1.40979,0.400038,0.00285066,0.00285066,-0.05,0.498365,0,0,26,0,1.0128e-06,
G1|SR|h=0.11|trec=1e-05|s=5.0|m=0|rt=None|br=a,G1,SR,0.11,1e-05,5,False,0.0001,12,1,True,1.40979,0.400038,0.00285066,0.00285066,-0.05,0.498365,0,0,26,0,1.0128e-06,
G1|SR|h=0.27|trec=1e-05|s=5.0|m=0|rt=None|br=a,G1,SR,0.27,1e-05,5,False,0.0001,12,1,True,1.40979,0.400038,0.00285066,0.00285066,-0.05,0.498365,0,0,26,0,1.0128e-06,
G1|SR|h=0.3|trec=1e-05|s=5.0|m=0|rt=None|br=a,G1,SR,0.3,1e-05,5,False,0.0001,12,1,True,1.40979,0.400038,0.00285066,0.00285066,-0.05,0.498365,0,0,26,0,1.0128e-06,
G1|SR|h=0.33|trec=1e-05|s=5.0|m=0|rt=None|br=a,G1,SR,0.33,1e-05,5,False,0.0001,12,1,True,1.40979,0.400038,0.00285066,0.00285066,-0.05,0.498365,0,0,26,0,1.0128e-06,
G1|SR|h=0.45|trec=1e-05|s=5.0|m=0|rt=None|br=a,G1,SR,0.45,1e-05,5,False,0.0001,12,1,True,1.40979,0.400038,0.00285066,0.00285066,-0.05,0.498365,0,0,26,0,1.0128e-06,
G1|SR|h=0.5|trec=1e-05|s=5.0|m=0|rt=None|br=a,G1,SR,0.5,1e-05,5,False,0.0001,12,1,True,1.40979,0.400038,0.00285066,0.00285066,-0.05,0.498365,0,0,26,0,1.0128e-06,
G1|SR|h=0.55|trec=1e-05|s=5.0|m=0|rt=None|br=a,G1,SR,0.55,1e-05,5,False,0.0001,12,1,True,1.40979,0.400038,0.00285066,0.00285066,-0.05,0.498365,0,0,26,0,1.0128e-06,
G1|SR|h=0.63|trec=1e-05|s=5.0|m=0|rt=None|br=a,G1,SR,0.63,1e-05,5,False,0.0001,12,1,True,1.40979,0.400038,0.00285066,0.00285066,-0.05,0.498365,0,0,26,0,1.0128e-06,
G1|SR|h=0.7|trec=1e-05|s=5.0|m=0|rt=None|br=a,G1,SR,0.7,1e-05,5,False,0.0001,12,1,True,1.40979,0.400038,0.00285066,0.00285066,-0.05,0.498365,0,0,26,0,1.0128e-06,
G1|SR|h=0.77|trec=1e-05|s=5.0|m=0|rt=None|br=a,G1,SR,0.77,1e-05,5,False,0.0001,12,1,True,1.40979,0.400038,0.00285066,0.00285066,-0.05,0.498365,0,0,26,0,1.0128e-06,
R1|RD|h=0.0|trec=None|s=0.0|m=0|rt=None|br=a,R1,RD,0,,0,False,0.0001,12,1,True,1.44157,0.360146,0.00531569,0.0178958,-0.05,0.132405,0.452159,0,26,0,0.000631613,
R1|SR|h=0.7|trec=0.0|s=0.0|m=0|rt=None|br=a,R1,SR,0.7,0,0,False,0.0001,12,2,True,1.56399,0.394874,0.00395345,0.0102553,-0.05,0.172817,0.373277,0,52,26,0,
G1|RD|h=0.0|trec=None|s=0.0|m=0|rt=None|br=a,G1,RD,0,,0,False,0.0001,12,1,True,1.44154,0.360866,0.00278585,0.00278585,-0.05,0.541801,0,0,26,0,8.18086e-07,
G1|SR|h=0.7|trec=0.0|s=0.0|m=0|rt=None|br=a,G1,SR,0.7,0,0,False,0.0001,12,1,True,1.44154,0.360866,0.00278585,0.00278585,-0.05,0.541801,0,0,26,0,8.18086e-07,
G0|RD|h=0.0|trec=None|s=0.0|m=0|rt=None|br=a,G0,RD,0,,0,False,0.0001,12,1,True,1.44123,0.361625,0.00302656,0.00302656,-0.05,0.591766,0,0,26,0,5.19154e-07,
R1|RD|h=0.0|trec=None|s=20.0|m=0|rt=None|br=a,R1,RD,0,,20,False,0.0001,12,1,True,1.33089,0.494303,0.00610072,0.0103748,-0.05,0.250114,0.2096,0,26,0,0.000214704,
R1|SR|h=0.7|trec=0.0|s=20.0|m=0|rt=None|br=a,R1,SR,0.7,0,20,False,0.0001,12,2,True,1.43951,0.526837,0.00538657,0.00926152,-0.05,0.22399,0.199038,0,26,0,0,
G1|RD|h=0.0|trec=None|s=20.0|m=0|rt=None|br=a,G1,RD,0,,20,False,0.0001,12,1,True,1.3234,0.500775,0.00332855,0.00332855,-0.05,0.392279,0,0,26,0,2.02798e-06,
G1|SR|h=0.7|trec=0.0|s=20.0|m=0|rt=None|br=a,G1,SR,0.7,0,20,False,0.0001,12,1,True,1.3234,0.500775,0.00332855,0.00332855,-0.05,0.392279,0,0,26,0,2.02798e-06,
G0|RD|h=0.0|trec=None|s=20.0|m=0|rt=None|br=a,G0,RD,0,,20,False,0.0001,12,1,True,1.31053,0.508318,0.00277443,0.00277443,-0.05,0.447414,0,0,26,0,1.19878e-06,
R2|RD|h=0.0|trec=None|s=5.0|m=1|rt=None|br=a,R2,RD,0,,5,True,0.0001,12,3,True,1.08898,0.0522574,0.00583649,0.0166223,-0.05,0.29642,0.60951,0.00904975,26,0,0.000951124,
R2|RD|h=0.0|trec=None|s=5.0|m=1|rt=1e-05|br=a,R2,RD,0,,5,True,1e-05,12,10,False,1.08944,0.0526885,0.00130585,0.00372709,-0.05,0.29524,0.607117,0.00909517,26,0,0.000572714,
G1m|RD|h=0.0|trec=None|s=5.0|m=1|rt=None|br=a,G1m,RD,0,,5,True,0.0001,12,1,True,1.01497,0.00681083,0.000244122,0.000245346,-0.05,0.872599,0,0.00479122,26,0,0.000220689,
G1m|RD|h=0.0|trec=None|s=5.0|m=1|rt=1e-05|br=a,G1m,RD,0,,5,True,1e-05,12,1,True,1.03322,0.0197532,0.000664256,0.000668459,-0.05,0.85829,0,0.00587321,26,0,0.000285275,
