run,gap,i_pk_A,V_pk_V,t_half_us,note
G1a,BS3,1.8618e-06,6.2691e+02,,"scale-free (100 V seed, cycle 9): ratios only"
G1a,BS4,2.2078e-06,7.4434e+02,,"scale-free (100 V seed, cycle 9): ratios only"
G1a,SG1,7.0930e+00,8.6871e+03,,"scale-free (100 V seed, cycle 9): ratios only"
G1a,SG2,8.3674e+00,7.3164e+03,,"scale-free (100 V seed, cycle 9): ratios only"
G1a,SG3a1,2.5578e+01,1.1467e+04,0.0307,"scale-free (100 V seed, cycle 9): ratios only"
G1a,SG3b1,8.6756e+00,6.2691e+02,,"scale-free (100 V seed, cycle 9): ratios only"
G1a,SG4a1,3.0368e+01,9.6576e+03,0.0307,"scale-free (100 V seed, cycle 9): ratios only"
G1a,SG4b1,1.0316e+01,7.4434e+02,,"scale-free (100 V seed, cycle 9): ratios only"
R1a,BS3,1.1726e+00,1.1519e+05,,"scale-free (100 V seed, cycle 9): ratios only"
R1a,BS4,1.6377e+00,1.6112e+05,,"scale-free (100 V seed, cycle 9): ratios only"
R1a,SG1,1.8389e+02,1.8876e+05,,"scale-free (100 V seed, cycle 9): ratios only"
R1a,SG2,2.5732e+02,1.3517e+05,,"scale-free (100 V seed, cycle 9): ratios only"
R1a,SG3a1,2.6156e+02,2.4740e+05,0.6886,"scale-free (100 V seed, cycle 9): ratios only"
R1a,SG3b1,4.5872e+01,1.1519e+05,,"scale-free (100 V seed, cycle 9): ratios only"
R1a,SG4a1,3.6540e+02,2.1964e+05,0.6896,"scale-free (100 V seed, cycle 9): ratios only"
R1a,SG4b1,6.4032e+01,1.6112e+05,,"scale-free (100 V seed, cycle 9): ratios only"
R1b,BS3,4.5083e-04,4.5083e+05,,"scale-free (100 V seed, cycle 9): ratios only"
R1b,BS4,4.0697e-04,4.0697e+05,,"scale-free (100 V seed, cycle 9): ratios only"
R1b,SG1,4.7310e+02,4.6897e+05,,"scale-free (100 V seed, cycle 9): ratios only"
R1b,SG2,7.0115e+02,3.1911e+05,,"scale-free (100 V seed, cycle 9): ratios only"
R1b,SG3a1,6.6456e+02,4.4662e+05,0.6892,"scale-free (100 V seed, cycle 9): ratios only"
R1b,SG3b1,7.7188e+01,4.5083e+05,,"scale-free (100 V seed, cycle 9): ratios only"
R1b,SG4a1,9.7666e+02,5.8425e+05,0.6930,"scale-free (100 V seed, cycle 9): ratios only"
R1b,SG4b1,1.1388e+02,4.0697e+05,,"scale-free (100 V seed, cycle 9): ratios only"
R2a_rel5,BS3,8.7620e-01,8.6109e+04,,"scale-free (100 V seed, cycle 9): ratios only"
R2a_rel5,BS4,1.2248e+00,1.2034e+05,,"scale-free (100 V seed, cycle 9): ratios only"
R2a_rel5,SG1,3.1753e-01,1.3391e+05,,"scale-free (100 V seed, cycle 9): ratios only"
R2a_rel5,SG2,4.4383e-01,9.5790e+04,,"scale-free (100 V seed, cycle 9): ratios only"
R2a_rel5,SG3a1,1.9671e+02,1.4224e+05,0.6872,"scale-free (100 V seed, cycle 9): ratios only"
R2a_rel5,SG3b1,3.3999e+01,8.6109e+04,,"scale-free (100 V seed, cycle 9): ratios only"
R2a_rel5,SG4a1,2.7501e+02,1.6415e+05,0.6870,"scale-free (100 V seed, cycle 9): ratios only"
R2a_rel5,SG4b1,4.7560e+01,1.2034e+05,,"scale-free (100 V seed, cycle 9): ratios only"
R2b,BS3,8.6915e-04,8.6915e+05,,"scale-free (100 V seed, cycle 9): ratios only"
R2b,BS4,7.8856e-04,7.8856e+05,,"scale-free (100 V seed, cycle 9): ratios only"
R2b,SG1,1.7190e+00,8.5497e+05,,"scale-free (100 V seed, cycle 9): ratios only"
R2b,SG2,2.5678e+00,5.7213e+05,,"scale-free (100 V seed, cycle 9): ratios only"
R2b,SG3a1,1.2758e+03,1.2224e+06,0.6905,"scale-free (100 V seed, cycle 9): ratios only"
R2b,SG3b1,1.5094e+02,8.6915e+05,,"scale-free (100 V seed, cycle 9): ratios only"
R2b,SG4a1,1.9097e+03,1.1339e+06,0.6913,"scale-free (100 V seed, cycle 9): ratios only"
R2b,SG4b1,2.2496e+02,7.8856e+05,,"scale-free (100 V seed, cycle 9): ratios only"
