name,label,assembly,role,shape,carrier,node,cap,material,r_in,r_out,start_deg,w_deg,z0,z1,c,r,p0,p1,volume
CEM_A1_core,"motor-stator / CEM_A1_core - C-EM A1 core, bonded to node 2 (rail end of L_A1) [C-EM core (material OPEN: ferrite / <=0.05 mm tape, see findings), stator]","motor-stator - C-EMs: cores (bonded to the rail end), spools, coils",cem-core,import,,2,,"C-EM core (material OPEN: ferrite / <=0.05 mm tape, see findings)",,,,,,,,,,,211176.4312
CEM_A1_spool1,"motor-stator / CEM_A1_spool1 - C-EM A1 spool half [spool, insulating (printed), stator]","motor-stator - C-EMs: cores (bonded to the rail end), spools, coils",cem-spool,import,,,,"spool, insulating (printed)",,,,,,,,,,,15185.5796
CEM_A1_spool2,"motor-stator / CEM_A1_spool2 - C-EM A1 spool half [spool, insulating (printed), stator]","motor-stator - C-EMs: cores (bonded to the rail end), spools, coils",cem-spool,import,,,,"spool, insulating (printed)",,,,,,,,,,,15185.5796
CEM_A1_coil,"motor-stator / CEM_A1_coil - L_A1: node 2 -> mA1 -> SG1-1 [Cu magnet wire, enamelled, stator]","motor-stator - C-EMs: cores (bonded to the rail end), spools, coils",cem-coil,import,,,,"Cu magnet wire, enamelled",,,,,,,,,,,5309.9811
CEM_A2_core,"motor-stator / CEM_A2_core - C-EM A2 core, bonded to node 2 (rail end of L_A2) [C-EM core (material OPEN: ferrite / <=0.05 mm tape, see findings), stator]","motor-stator - C-EMs: cores (bonded to the rail end), spools, coils",cem-core,import,,2,,"C-EM core (material OPEN: ferrite / <=0.05 mm tape, see findings)",,,,,,,,,,,211176.4312
CEM_A2_spool1,"motor-stator / CEM_A2_spool1 - C-EM A2 spool half [spool, insulating (printed), stator]","motor-stator - C-EMs: cores (bonded to the rail end), spools, coils",cem-spool,import,,,,"spool, insulating (printed)",,,,,,,,,,,15185.5796
CEM_A2_spool2,"motor-stator / CEM_A2_spool2 - C-EM A2 spool half [spool, insulating (printed), stator]","motor-stator - C-EMs: cores (bonded to the rail end), spools, coils",cem-spool,import,,,,"spool, insulating (printed)",,,,,,,,,,,15185.5796
CEM_A2_coil,"motor-stator / CEM_A2_coil - L_A2: node 2 -> mA2 -> SG1-2 [Cu magnet wire, enamelled, stator]","motor-stator - C-EMs: cores (bonded to the rail end), spools, coils",cem-coil,import,,,,"Cu magnet wire, enamelled",,,,,,,,,,,5309.9811
CEM_A3_core,"motor-stator / CEM_A3_core - C-EM A3 core, bonded to node 2 (rail end of L_A3) [C-EM core (material OPEN: ferrite / <=0.05 mm tape, see findings), stator]","motor-stator - C-EMs: cores (bonded to the rail end), spools, coils",cem-core,import,,2,,"C-EM core (material OPEN: ferrite / <=0.05 mm tape, see findings)",,,,,,,,,,,211176.4312
CEM_A3_spool1,"motor-stator / CEM_A3_spool1 - C-EM A3 spool half [spool, insulating (printed), stator]","motor-stator - C-EMs: cores (bonded to the rail end), spools, coils",cem-spool,import,,,,"spool, insulating (printed)",,,,,,,,,,,15185.5796
CEM_A3_spool2,"motor-stator / CEM_A3_spool2 - C-EM A3 spool half [spool, insulating (printed), stator]","motor-stator - C-EMs: cores (bonded to the rail end), spools, coils",cem-spool,import,,,,"spool, insulating (printed)",,,,,,,,,,,15185.5796
CEM_A3_coil,"motor-stator / CEM_A3_coil - L_A3: node 2 -> mA3 -> SG1-3 [Cu magnet wire, enamelled, stator]","motor-stator - C-EMs: cores (bonded to the rail end), spools, coils",cem-coil,import,,,,"Cu magnet wire, enamelled",,,,,,,,,,,5309.9811
CEM_A4_core,"motor-stator / CEM_A4_core - C-EM A4 core, bonded to node 2 (rail end of L_A4) [C-EM core (material OPEN: ferrite / <=0.05 mm tape, see findings), stator]","motor-stator - C-EMs: cores (bonded to the rail end), spools, coils",cem-core,import,,2,,"C-EM core (material OPEN: ferrite / <=0.05 mm tape, see findings)",,,,,,,,,,,211176.4312
CEM_A4_spool1,"motor-stator / CEM_A4_spool1 - C-EM A4 spool half [spool, insulating (printed), stator]","motor-stator - C-EMs: cores (bonded to the rail end), spools, coils",cem-spool,import,,,,"spool, insulating (printed)",,,,,,,,,,,15185.5796
CEM_A4_spool2,"motor-stator / CEM_A4_spool2 - C-EM A4 spool half [spool, insulating (printed), stator]","motor-stator - C-EMs: cores (bonded to the rail end), spools, coils",cem-spool,import,,,,"spool, insulating (printed)",,,,,,,,,,,15185.5796
CEM_A4_coil,"motor-stator / CEM_A4_coil - L_A4: node 2 -> mA4 -> SG1-4 [Cu magnet wire, enamelled, stator]","motor-stator - C-EMs: cores (bonded to the rail end), spools, coils",cem-coil,import,,,,"Cu magnet wire, enamelled",,,,,,,,,,,5309.9811
CEM_A5_core,"motor-stator / CEM_A5_core - C-EM A5 core, bonded to node 2 (rail end of L_A5) [C-EM core (material OPEN: ferrite / <=0.05 mm tape, see findings), stator]","motor-stator - C-EMs: cores (bonded to the rail end), spools, coils",cem-core,import,,2,,"C-EM core (material OPEN: ferrite / <=0.05 mm tape, see findings)",,,,,,,,,,,211176.4312
CEM_A5_spool1,"motor-stator / CEM_A5_spool1 - C-EM A5 spool half [spool, insulating (printed), stator]","motor-stator - C-EMs: cores (bonded to the rail end), spools, coils",cem-spool,import,,,,"spool, insulating (printed)",,,,,,,,,,,15185.5796
CEM_A5_spool2,"motor-stator / CEM_A5_spool2 - C-EM A5 spool half [spool, insulating (printed), stator]","motor-stator - C-EMs: cores (bonded to the rail end), spools, coils",cem-spool,import,,,,"spool, insulating (printed)",,,,,,,,,,,15185.5796
CEM_A5_coil,"motor-stator / CEM_A5_coil - L_A5: node 2 -> mA5 -> SG1-5 [Cu magnet wire, enamelled, stator]","motor-stator - C-EMs: cores (bonded to the rail end), spools, coils",cem-coil,import,,,,"Cu magnet wire, enamelled",,,,,,,,,,,5309.9811
CEM_A6_core,"motor-stator / CEM_A6_core - C-EM A6 core, bonded to node 2 (rail end of L_A6) [C-EM core (material OPEN: ferrite / <=0.05 mm tape, see findings), stator]","motor-stator - C-EMs: cores (bonded to the rail end), spools, coils",cem-core,import,,2,,"C-EM core (material OPEN: ferrite / <=0.05 mm tape, see findings)",,,,,,,,,,,211176.4312
CEM_A6_spool1,"motor-stator / CEM_A6_spool1 - C-EM A6 spool half [spool, insulating (printed), stator]","motor-stator - C-EMs: cores (bonded to the rail end), spools, coils",cem-spool,import,,,,"spool, insulating (printed)",,,,,,,,,,,15185.5796
CEM_A6_spool2,"motor-stator / CEM_A6_spool2 - C-EM A6 spool half [spool, insulating (printed), stator]","motor-stator - C-EMs: cores (bonded to the rail end), spools, coils",cem-spool,import,,,,"spool, insulating (printed)",,,,,,,,,,,15185.5796
CEM_A6_coil,"motor-stator / CEM_A6_coil - L_A6: node 2 -> mA6 -> SG1-6 [Cu magnet wire, enamelled, stator]","motor-stator - C-EMs: cores (bonded to the rail end), spools, coils",cem-coil,import,,,,"Cu magnet wire, enamelled",,,,,,,,,,,5309.9811
CEM_B1_core,"motor-stator / CEM_B1_core - C-EM B1 core, bonded to node 3 (rail end of L_B1) [C-EM core (material OPEN: ferrite / <=0.05 mm tape, see findings), stator]","motor-stator - C-EMs: cores (bonded to the rail end), spools, coils",cem-core,import,,3,,"C-EM core (material OPEN: ferrite / <=0.05 mm tape, see findings)",,,,,,,,,,,211176.4312
CEM_B1_spool1,"motor-stator / CEM_B1_spool1 - C-EM B1 spool half [spool, insulating (printed), stator]","motor-stator - C-EMs: cores (bonded to the rail end), spools, coils",cem-spool,import,,,,"spool, insulating (printed)",,,,,,,,,,,15185.5796
CEM_B1_spool2,"motor-stator / CEM_B1_spool2 - C-EM B1 spool half [spool, insulating (printed), stator]","motor-stator - C-EMs: cores (bonded to the rail end), spools, coils",cem-spool,import,,,,"spool, insulating (printed)",,,,,,,,,,,15185.5796
CEM_B1_coil,"motor-stator / CEM_B1_coil - L_B1: node 3 -> mB1 -> SG2-1 [Cu magnet wire, enamelled, stator]","motor-stator - C-EMs: cores (bonded to the rail end), spools, coils",cem-coil,import,,,,"Cu magnet wire, enamelled",,,,,,,,,,,5309.9811
CEM_B2_core,"motor-stator / CEM_B2_core - C-EM B2 core, bonded to node 3 (rail end of L_B2) [C-EM core (material OPEN: ferrite / <=0.05 mm tape, see findings), stator]","motor-stator - C-EMs: cores (bonded to the rail end), spools, coils",cem-core,import,,3,,"C-EM core (material OPEN: ferrite / <=0.05 mm tape, see findings)",,,,,,,,,,,211176.4312
CEM_B2_spool1,"motor-stator / CEM_B2_spool1 - C-EM B2 spool half [spool, insulating (printed), stator]","motor-stator - C-EMs: cores (bonded to the rail end), spools, coils",cem-spool,import,,,,"spool, insulating (printed)",,,,,,,,,,,15185.5796
CEM_B2_spool2,"motor-stator / CEM_B2_spool2 - C-EM B2 spool half [spool, insulating (printed), stator]","motor-stator - C-EMs: cores (bonded to the rail end), spools, coils",cem-spool,import,,,,"spool, insulating (printed)",,,,,,,,,,,15185.5796
CEM_B2_coil,"motor-stator / CEM_B2_coil - L_B2: node 3 -> mB2 -> SG2-2 [Cu magnet wire, enamelled, stator]","motor-stator - C-EMs: cores (bonded to the rail end), spools, coils",cem-coil,import,,,,"Cu magnet wire, enamelled",,,,,,,,,,,5309.9811
CEM_B3_core,"motor-stator / CEM_B3_core - C-EM B3 core, bonded to node 3 (rail end of L_B3) [C-EM core (material OPEN: ferrite / <=0.05 mm tape, see findings), stator]","motor-stator - C-EMs: cores (bonded to the rail end), spools, coils",cem-core,import,,3,,"C-EM core (material OPEN: ferrite / <=0.05 mm tape, see findings)",,,,,,,,,,,211176.4312
CEM_B3_spool1,"motor-stator / CEM_B3_spool1 - C-EM B3 spool half [spool, insulating (printed), stator]","motor-stator - C-EMs: cores (bonded to the rail end), spools, coils",cem-spool,import,,,,"spool, insulating (printed)",,,,,,,,,,,15185.5796
CEM_B3_spool2,"motor-stator / CEM_B3_spool2 - C-EM B3 spool half [spool, insulating (printed), stator]","motor-stator - C-EMs: cores (bonded to the rail end), spools, coils",cem-spool,import,,,,"spool, insulating (printed)",,,,,,,,,,,15185.5796
CEM_B3_coil,"motor-stator / CEM_B3_coil - L_B3: node 3 -> mB3 -> SG2-3 [Cu magnet wire, enamelled, stator]","motor-stator - C-EMs: cores (bonded to the rail end), spools, coils",cem-coil,import,,,,"Cu magnet wire, enamelled",,,,,,,,,,,5309.9811
CEM_B4_core,"motor-stator / CEM_B4_core - C-EM B4 core, bonded to node 3 (rail end of L_B4) [C-EM core (material OPEN: ferrite / <=0.05 mm tape, see findings), stator]","motor-stator - C-EMs: cores (bonded to the rail end), spools, coils",cem-core,import,,3,,"C-EM core (material OPEN: ferrite / <=0.05 mm tape, see findings)",,,,,,,,,,,211176.4312
CEM_B4_spool1,"motor-stator / CEM_B4_spool1 - C-EM B4 spool half [spool, insulating (printed), stator]","motor-stator - C-EMs: cores (bonded to the rail end), spools, coils",cem-spool,import,,,,"spool, insulating (printed)",,,,,,,,,,,15185.5796
CEM_B4_spool2,"motor-stator / CEM_B4_spool2 - C-EM B4 spool half [spool, insulating (printed), stator]","motor-stator - C-EMs: cores (bonded to the rail end), spools, coils",cem-spool,import,,,,"spool, insulating (printed)",,,,,,,,,,,15185.5796
CEM_B4_coil,"motor-stator / CEM_B4_coil - L_B4: node 3 -> mB4 -> SG2-4 [Cu magnet wire, enamelled, stator]","motor-stator - C-EMs: cores (bonded to the rail end), spools, coils",cem-coil,import,,,,"Cu magnet wire, enamelled",,,,,,,,,,,5309.9811
CEM_B5_core,"motor-stator / CEM_B5_core - C-EM B5 core, bonded to node 3 (rail end of L_B5) [C-EM core (material OPEN: ferrite / <=0.05 mm tape, see findings), stator]","motor-stator - C-EMs: cores (bonded to the rail end), spools, coils",cem-core,import,,3,,"C-EM core (material OPEN: ferrite / <=0.05 mm tape, see findings)",,,,,,,,,,,211176.4312
CEM_B5_spool1,"motor-stator / CEM_B5_spool1 - C-EM B5 spool half [spool, insulating (printed), stator]","motor-stator - C-EMs: cores (bonded to the rail end), spools, coils",cem-spool,import,,,,"spool, insulating (printed)",,,,,,,,,,,15185.5796
CEM_B5_spool2,"motor-stator / CEM_B5_spool2 - C-EM B5 spool half [spool, insulating (printed), stator]","motor-stator - C-EMs: cores (bonded to the rail end), spools, coils",cem-spool,import,,,,"spool, insulating (printed)",,,,,,,,,,,15185.5796
CEM_B5_coil,"motor-stator / CEM_B5_coil - L_B5: node 3 -> mB5 -> SG2-5 [Cu magnet wire, enamelled, stator]","motor-stator - C-EMs: cores (bonded to the rail end), spools, coils",cem-coil,import,,,,"Cu magnet wire, enamelled",,,,,,,,,,,5309.9811
CEM_B6_core,"motor-stator / CEM_B6_core - C-EM B6 core, bonded to node 3 (rail end of L_B6) [C-EM core (material OPEN: ferrite / <=0.05 mm tape, see findings), stator]","motor-stator - C-EMs: cores (bonded to the rail end), spools, coils",cem-core,import,,3,,"C-EM core (material OPEN: ferrite / <=0.05 mm tape, see findings)",,,,,,,,,,,211176.4312
CEM_B6_spool1,"motor-stator / CEM_B6_spool1 - C-EM B6 spool half [spool, insulating (printed), stator]","motor-stator - C-EMs: cores (bonded to the rail end), spools, coils",cem-spool,import,,,,"spool, insulating (printed)",,,,,,,,,,,15185.5796
CEM_B6_spool2,"motor-stator / CEM_B6_spool2 - C-EM B6 spool half [spool, insulating (printed), stator]","motor-stator - C-EMs: cores (bonded to the rail end), spools, coils",cem-spool,import,,,,"spool, insulating (printed)",,,,,,,,,,,15185.5796
CEM_B6_coil,"motor-stator / CEM_B6_coil - L_B6: node 3 -> mB6 -> SG2-6 [Cu magnet wire, enamelled, stator]","motor-stator - C-EMs: cores (bonded to the rail end), spools, coils",cem-coil,import,,,,"Cu magnet wire, enamelled",,,,,,,,,,,5309.9811
UTRON_1_core,"motor-rotor / UTRON_1_core - utron 1 core, floating [utron core (material OPEN: ferrite for reluctance drive), rotor AB]","motor-rotor - utrons: cores and coils, floating",utron-core,import,,floating,,utron core (material OPEN: ferrite for reluctance drive),,,,,,,,,,,71917.4996
UTRON_1_coil1,"motor-rotor / UTRON_1_coil1 - utron 1 coil half 1 [Cu magnet wire, enamelled (open / shorted: OPEN), rotor AB]","motor-rotor - utrons: cores and coils, floating",utron-coil,import,,floating,,"Cu magnet wire, enamelled (open / shorted: OPEN)",,,,,,,,,,,3295.2897
UTRON_1_coil2,"motor-rotor / UTRON_1_coil2 - utron 1 coil half 2 [Cu magnet wire, enamelled (open / shorted: OPEN), rotor AB]","motor-rotor - utrons: cores and coils, floating",utron-coil,import,,floating,,"Cu magnet wire, enamelled (open / shorted: OPEN)",,,,,,,,,,,3295.2897
UTRON_2_core,"motor-rotor / UTRON_2_core - utron 2 core, floating [utron core (material OPEN: ferrite for reluctance drive), rotor AB]","motor-rotor - utrons: cores and coils, floating",utron-core,import,,floating,,utron core (material OPEN: ferrite for reluctance drive),,,,,,,,,,,71917.4996
UTRON_2_coil1,"motor-rotor / UTRON_2_coil1 - utron 2 coil half 1 [Cu magnet wire, enamelled (open / shorted: OPEN), rotor AB]","motor-rotor - utrons: cores and coils, floating",utron-coil,import,,floating,,"Cu magnet wire, enamelled (open / shorted: OPEN)",,,,,,,,,,,3295.2897
UTRON_2_coil2,"motor-rotor / UTRON_2_coil2 - utron 2 coil half 2 [Cu magnet wire, enamelled (open / shorted: OPEN), rotor AB]","motor-rotor - utrons: cores and coils, floating",utron-coil,import,,floating,,"Cu magnet wire, enamelled (open / shorted: OPEN)",,,,,,,,,,,3295.2897
UTRON_3_core,"motor-rotor / UTRON_3_core - utron 3 core, floating [utron core (material OPEN: ferrite for reluctance drive), rotor AB]","motor-rotor - utrons: cores and coils, floating",utron-core,import,,floating,,utron core (material OPEN: ferrite for reluctance drive),,,,,,,,,,,71917.4996
UTRON_3_coil1,"motor-rotor / UTRON_3_coil1 - utron 3 coil half 1 [Cu magnet wire, enamelled (open / shorted: OPEN), rotor AB]","motor-rotor - utrons: cores and coils, floating",utron-coil,import,,floating,,"Cu magnet wire, enamelled (open / shorted: OPEN)",,,,,,,,,,,3295.2897
UTRON_3_coil2,"motor-rotor / UTRON_3_coil2 - utron 3 coil half 2 [Cu magnet wire, enamelled (open / shorted: OPEN), rotor AB]","motor-rotor - utrons: cores and coils, floating",utron-coil,import,,floating,,"Cu magnet wire, enamelled (open / shorted: OPEN)",,,,,,,,,,,3295.2897
UTRON_4_core,"motor-rotor / UTRON_4_core - utron 4 core, floating [utron core (material OPEN: ferrite for reluctance drive), rotor AB]","motor-rotor - utrons: cores and coils, floating",utron-core,import,,floating,,utron core (material OPEN: ferrite for reluctance drive),,,,,,,,,,,71917.4996
UTRON_4_coil1,"motor-rotor / UTRON_4_coil1 - utron 4 coil half 1 [Cu magnet wire, enamelled (open / shorted: OPEN), rotor AB]","motor-rotor - utrons: cores and coils, floating",utron-coil,import,,floating,,"Cu magnet wire, enamelled (open / shorted: OPEN)",,,,,,,,,,,3295.2897
UTRON_4_coil2,"motor-rotor / UTRON_4_coil2 - utron 4 coil half 2 [Cu magnet wire, enamelled (open / shorted: OPEN), rotor AB]","motor-rotor - utrons: cores and coils, floating",utron-coil,import,,floating,,"Cu magnet wire, enamelled (open / shorted: OPEN)",,,,,,,,,,,3295.2897
UTRON_5_core,"motor-rotor / UTRON_5_core - utron 5 core, floating [utron core (material OPEN: ferrite for reluctance drive), rotor AB]","motor-rotor - utrons: cores and coils, floating",utron-core,import,,floating,,utron core (material OPEN: ferrite for reluctance drive),,,,,,,,,,,71917.4996
UTRON_5_coil1,"motor-rotor / UTRON_5_coil1 - utron 5 coil half 1 [Cu magnet wire, enamelled (open / shorted: OPEN), rotor AB]","motor-rotor - utrons: cores and coils, floating",utron-coil,import,,floating,,"Cu magnet wire, enamelled (open / shorted: OPEN)",,,,,,,,,,,3295.2897
UTRON_5_coil2,"motor-rotor / UTRON_5_coil2 - utron 5 coil half 2 [Cu magnet wire, enamelled (open / shorted: OPEN), rotor AB]","motor-rotor - utrons: cores and coils, floating",utron-coil,import,,floating,,"Cu magnet wire, enamelled (open / shorted: OPEN)",,,,,,,,,,,3295.2897
UTRON_6_core,"motor-rotor / UTRON_6_core - utron 6 core, floating [utron core (material OPEN: ferrite for reluctance drive), rotor AB]","motor-rotor - utrons: cores and coils, floating",utron-core,import,,floating,,utron core (material OPEN: ferrite for reluctance drive),,,,,,,,,,,71917.4996
UTRON_6_coil1,"motor-rotor / UTRON_6_coil1 - utron 6 coil half 1 [Cu magnet wire, enamelled (open / shorted: OPEN), rotor AB]","motor-rotor - utrons: cores and coils, floating",utron-coil,import,,floating,,"Cu magnet wire, enamelled (open / shorted: OPEN)",,,,,,,,,,,3295.2897
UTRON_6_coil2,"motor-rotor / UTRON_6_coil2 - utron 6 coil half 2 [Cu magnet wire, enamelled (open / shorted: OPEN), rotor AB]","motor-rotor - utrons: cores and coils, floating",utron-coil,import,,floating,,"Cu magnet wire, enamelled (open / shorted: OPEN)",,,,,,,,,,,3295.2897
